<?xml version="1.0" encoding="utf-8" ?>
<application 
	xmlns="http://ns.adobe.com/air/application/1.5"
	minimumPatchLevel="0">
<!-- AIR Application Descriptor File. See http://www.adobe.com/go/air_1.0_application_descriptor. -->
	<id>org.httpclient.HttpClient</id>
	<name>Http Client</name>
	<version>1.0</version>
	<filename>HttpClient</filename>
	<description>Http client kitchen sink</description>
	<copyright>(c) 2008</copyright>
	<initialWindow>
		<content>bin/HttpClientApp.swf</content>
		<title>HttpClient</title>
		<systemChrome>standard</systemChrome>
		<transparent>false</transparent>
		<visible>true</visible>
		<minimizable>true</minimizable>
		<maximizable>true</maximizable>
		<resizable>true</resizable>
		<width>700</width>
    <height>500</height>
    <x>100</x>
    <y>50</y>
		<minSize>300 300</minSize>
	</initialWindow>
	<icon>
	  <!--
		<image16x16>icons/AIRApp_16.png</image16x16>
		<image32x32>icons/AIRApp_32.png</image32x32>
		<image48x48>icons/AIRApp_48.png</image48x48>
		<image128x128>src/assets/app_icons/icon_128.png</image128x128>
		-->
	</icon>
	<customUpdateUI>false</customUpdateUI>
	<allowBrowserInvocation>false</allowBrowserInvocation>
</application>